{"stats":{"minecraft:custom":{"minecraft:inspect_dropper":120,"minecraft:inspect_hopper":345,"minecraft:tune_noteblock":1410,"minecraft:open_barrel":65,"minecraft:open_shulker_box":79,"minecraft:leave_game":99,"minecraft:time_since_death":229422,"minecraft:time_since_rest":229443,"minecraft:sprint_one_cm":1151327,"minecraft:walk_one_cm":2460327,"minecraft:drop":53,"minecraft:play_noteblock":18,"minecraft:fly_one_cm":155388519,"minecraft:open_chest":35,"minecraft:crouch_one_cm":349932,"minecraft:play_time":12887615,"minecraft:deaths":1,"minecraft:sneak_time":664811,"minecraft:walk_under_water_one_cm":1941,"minecraft:jump":11181,"minecraft:walk_on_water_one_cm":14486,"minecraft:total_world_time":15653192,"minecraft:inspect_dispenser":120},"minecraft:used":{"minecraft:water_bucket":48,"minecraft:dropper":46,"minecraft:orange_concrete":155,"minecraft:dispenser":29,"minecraft:polished_blackstone":698,"minecraft:red_stained_glass":157,"minecraft:red_concrete":154,"minecraft:redstone":27805,"minecraft:powered_rail":18,"minecraft:dark_oak_sign":2,"minecraft:lime_wool":3148,"minecraft:oak_sign":163,"minecraft:ender_pearl":1,"minecraft:chest":17,"minecraft:sandstone":514,"minecraft:black_shulker_box":40,"minecraft:white_dye":16,"minecraft:purple_shulker_box":4,"minecraft:redstone_block":2316,"minecraft:white_shulker_box":7,"minecraft:spruce_sign":49,"minecraft:magenta_stained_glass":336,"minecraft:quartz_stairs":7,"minecraft:glow_ink_sac":82,"minecraft:farmland":237,"minecraft:orange_stained_glass":4,"minecraft:white_wool":17041,"minecraft:dirt":107,"minecraft:target":928,"minecraft:comparator":1008,"minecraft:tnt":3,"minecraft:hopper":40,"minecraft:light_blue_wool":6692,"minecraft:deepslate_tile_slab":4,"minecraft:orange_wool":1348,"minecraft:cyan_dye":26,"minecraft:blue_ice":10,"minecraft:note_block":56,"minecraft:cyan_wool":8256,"minecraft:light_blue_stained_glass":241,"minecraft:cyan_stained_glass":264,"minecraft:obsidian":19,"minecraft:redstone_torch":5826,"minecraft:deepslate_tiles":682,"minecraft:purple_stained_glass":267,"minecraft:sticky_piston":663,"minecraft:glass":142,"minecraft:piston":80,"minecraft:lever":984,"minecraft:honey_block":21,"minecraft:sea_lantern":4,"minecraft:lava_bucket":49,"minecraft:quartz_slab":15,"minecraft:command_block":67,"minecraft:red_wool":1506,"minecraft:yellow_stained_glass":108,"minecraft:iron_block":1904,"minecraft:oak_button":100,"minecraft:slime_block":76,"minecraft:stone_button":406,"minecraft:green_wool":5898,"minecraft:netherite_hoe":90,"minecraft:barrel":116,"minecraft:yellow_wool":522,"minecraft:repeater":6501,"minecraft:redstone_lamp":1509,"minecraft:cobblestone":6,"minecraft:magenta_wool":1008,"minecraft:written_book":117,"minecraft:dead_horn_coral_fan":3,"minecraft:iron_trapdoor":6,"minecraft:lime_stained_glass":100,"minecraft:deepslate_tile_stairs":4,"minecraft:white_stained_glass":1177,"minecraft:minecart":3,"minecraft:polished_blackstone_button":12,"minecraft:red_dye":12,"minecraft:observer":146,"minecraft:purple_wool":7672},"minecraft:dropped":{"minecraft:spruce_sign":4,"minecraft:lever":2,"minecraft:polished_blackstone":1,"minecraft:netherite_sword":1,"minecraft:cyan_dye":1,"minecraft:comparator":1,"minecraft:command_block":1,"minecraft:iron_block":1,"minecraft:redstone_lamp":1,"minecraft:stone_button":1,"minecraft:repeater":3,"minecraft:wooden_axe":2,"minecraft:redstone_torch":1,"minecraft:black_shulker_box":21,"minecraft:barrel":1,"minecraft:sandstone":1,"minecraft:purple_shulker_box":2,"minecraft:written_book":1,"minecraft:magenta_wool":1,"minecraft:white_wool":1,"minecraft:redstone":88},"minecraft:mined":{"minecraft:note_block":1},"minecraft:picked_up":{"minecraft:wooden_axe":2,"minecraft:redstone_block":1,"minecraft:repeater":408,"minecraft:redstone_lamp":1,"minecraft:purple_shulker_box":12,"minecraft:sticky_piston":2,"minecraft:magenta_wool":1,"minecraft:oak_sign":43,"minecraft:black_shulker_box":24,"minecraft:comparator":81,"minecraft:redstone_torch":942,"minecraft:dark_oak_sign":6,"minecraft:written_book":1,"minecraft:powered_rail":1,"minecraft:sandstone":256,"minecraft:stone_button":56,"minecraft:redstone":7307,"minecraft:lever":251,"minecraft:iron_block":1,"minecraft:cyan_dye":1,"minecraft:oak_button":2,"minecraft:white_shulker_box":2,"minecraft:white_wool":1,"minecraft:cobblestone":51}},"DataVersion":2975}