{"stats":{"minecraft:custom":{"minecraft:inspect_hopper":5,"minecraft:tune_noteblock":896,"minecraft:open_barrel":34,"minecraft:leave_game":49,"minecraft:time_since_death":7515103,"minecraft:time_since_rest":7515103,"minecraft:sprint_one_cm":1112788,"minecraft:walk_one_cm":2343534,"minecraft:drop":9,"minecraft:play_noteblock":18,"minecraft:fly_one_cm":90103810,"minecraft:open_chest":19,"minecraft:crouch_one_cm":299131,"minecraft:play_time":7515103,"minecraft:sneak_time":350429,"minecraft:walk_under_water_one_cm":629,"minecraft:jump":10135,"minecraft:walk_on_water_one_cm":9709,"minecraft:total_world_time":8950048},"minecraft:mined":{"minecraft:note_block":1},"minecraft:picked_up":{"minecraft:wooden_axe":1,"minecraft:repeater":331,"minecraft:sticky_piston":2,"minecraft:oak_sign":43,"minecraft:comparator":44,"minecraft:redstone_torch":876,"minecraft:powered_rail":1,"minecraft:sandstone":256,"minecraft:stone_button":40,"minecraft:redstone":6640,"minecraft:lever":248,"minecraft:iron_block":1,"minecraft:cyan_dye":1,"minecraft:oak_button":2,"minecraft:cobblestone":51},"minecraft:used":{"minecraft:water_bucket":22,"minecraft:orange_concrete":155,"minecraft:red_concrete":154,"minecraft:polished_blackstone":650,"minecraft:redstone":23871,"minecraft:powered_rail":18,"minecraft:lime_wool":2889,"minecraft:oak_sign":163,"minecraft:chest":15,"minecraft:sandstone":511,"minecraft:redstone_block":834,"minecraft:spruce_sign":39,"minecraft:white_dye":13,"minecraft:quartz_stairs":7,"minecraft:glow_ink_sac":79,"minecraft:farmland":237,"minecraft:white_wool":10659,"minecraft:dirt":107,"minecraft:target":557,"minecraft:comparator":270,"minecraft:tnt":3,"minecraft:hopper":9,"minecraft:light_blue_wool":6690,"minecraft:orange_wool":1153,"minecraft:cyan_dye":26,"minecraft:blue_ice":10,"minecraft:deepslate_tile_slab":4,"minecraft:note_block":51,"minecraft:cyan_wool":7362,"minecraft:light_blue_stained_glass":241,"minecraft:obsidian":8,"minecraft:cyan_stained_glass":15,"minecraft:redstone_torch":4155,"minecraft:deepslate_tiles":243,"minecraft:purple_stained_glass":1,"minecraft:sticky_piston":344,"minecraft:glass":142,"minecraft:lever":840,"minecraft:honey_block":21,"minecraft:sea_lantern":4,"minecraft:quartz_slab":15,"minecraft:command_block":1,"minecraft:red_wool":644,"minecraft:iron_block":1904,"minecraft:slime_block":76,"minecraft:oak_button":100,"minecraft:stone_button":222,"minecraft:green_wool":5787,"minecraft:netherite_hoe":90,"minecraft:barrel":8,"minecraft:yellow_wool":29,"minecraft:repeater":4201,"minecraft:redstone_lamp":781,"minecraft:magenta_wool":7,"minecraft:dead_horn_coral_fan":3,"minecraft:iron_trapdoor":4,"minecraft:lime_stained_glass":3,"minecraft:deepslate_tile_stairs":4,"minecraft:white_stained_glass":383,"minecraft:minecart":3,"minecraft:polished_blackstone_button":12,"minecraft:red_dye":12,"minecraft:observer":113,"minecraft:purple_wool":2005},"minecraft:dropped":{"minecraft:lever":1,"minecraft:cyan_dye":1,"minecraft:iron_block":1,"minecraft:repeater":1,"minecraft:wooden_axe":1,"minecraft:sandstone":1,"minecraft:redstone":65}},"DataVersion":2975}