{"stats":{"minecraft:used":{"minecraft:redstone_torch":29,"minecraft:white_wool":559,"minecraft:light_gray_wool":34,"minecraft:repeater":121,"minecraft:redstone_lamp":20,"minecraft:target":6,"minecraft:comparator":31,"minecraft:red_wool":46,"minecraft:redstone":467,"minecraft:white_stained_glass":13,"minecraft:stone_button":2,"minecraft:note_block":2,"minecraft:white_concrete":11,"minecraft:redstone_block":18},"minecraft:dropped":{"minecraft:redstone_lamp":1},"minecraft:custom":{"minecraft:time_since_rest":390590,"minecraft:crouch_one_cm":65848,"minecraft:sprint_one_cm":200423,"minecraft:play_time":1872542,"minecraft:deaths":2,"minecraft:damage_taken":940,"minecraft:walk_one_cm":210597,"minecraft:sneak_time":132528,"minecraft:drop":1,"minecraft:jump":2205,"minecraft:inspect_hopper":1,"minecraft:leave_game":23,"minecraft:time_since_death":390453,"minecraft:total_world_time":3257745,"minecraft:fall_one_cm":6886,"minecraft:tune_noteblock":515,"minecraft:fly_one_cm":16033134},"minecraft:picked_up":{"minecraft:redstone_lamp":1}},"DataVersion":3953}