{"stats":{"minecraft:used":{"minecraft:redstone_torch":28,"minecraft:light_gray_wool":34,"minecraft:white_wool":219,"minecraft:repeater":101,"minecraft:redstone_lamp":18,"minecraft:target":5,"minecraft:comparator":31,"minecraft:red_wool":46,"minecraft:redstone":246,"minecraft:white_stained_glass":13,"minecraft:stone_button":2,"minecraft:redstone_block":12},"minecraft:dropped":{"minecraft:redstone_lamp":1},"minecraft:custom":{"minecraft:time_since_rest":327897,"minecraft:sprint_one_cm":198666,"minecraft:crouch_one_cm":65786,"minecraft:play_time":1809849,"minecraft:deaths":2,"minecraft:damage_taken":940,"minecraft:walk_one_cm":209677,"minecraft:sneak_time":126294,"minecraft:drop":1,"minecraft:jump":2191,"minecraft:leave_game":22,"minecraft:time_since_death":327760,"minecraft:total_world_time":3194977,"minecraft:fall_one_cm":6886,"minecraft:tune_noteblock":468,"minecraft:fly_one_cm":15109481},"minecraft:picked_up":{"minecraft:redstone_lamp":1}},"DataVersion":3953}